base_scenario,n_replicates,n_finished_target,lambda_a_1,lambda_a_T,lambda_a_c,lambda_a_T_over_lambda_a_c,lambda_d,beta_a_R,beta_a_T,beta_d_R,beta_d_T,fraction_t_zone_binomial_p_value_below_0p05,total_time_for_analyzed_1000_deaths_after_burnin_mean,total_time_for_analyzed_1000_deaths_after_burnin_std,total_time_for_analyzed_1000_deaths_after_burnin_min,total_time_for_analyzed_1000_deaths_after_burnin_max,observed_death_rate_after_burnin_mean,observed_death_rate_after_burnin_std,observed_death_rate_after_burnin_min,observed_death_rate_after_burnin_max,t_zone_observed_deaths_mean,t_zone_observed_deaths_std,t_zone_observed_deaths_min,t_zone_observed_deaths_max,t_zone_observed_fraction_mean,t_zone_observed_fraction_std,t_zone_observed_fraction_min,t_zone_observed_fraction_max,t_zone_density_ratio_mean,t_zone_density_ratio_std,t_zone_density_ratio_min,t_zone_density_ratio_max,t_zone_binomial_p_value_greater_mean,t_zone_binomial_p_value_greater_std,t_zone_binomial_p_value_greater_min,t_zone_binomial_p_value_greater_max,death_rejected_mean,death_rejected_std,death_rejected_min,death_rejected_max,accepted_activations_total_mean,accepted_activations_total_std,accepted_activations_total_min,accepted_activations_total_max
baseline,5,5,5.0,0.5,0.05,10.0,1.0,2.5,1.2,2.0,0.8,0.2,24.151786942749386,1.06002158630585,22.788834832439218,25.511684599084084,41.46891723849853,1.8270465889717833,39.197725109689614,43.881137730505216,437.4,22.367386973001565,416.0,475.0,0.43739999999999996,0.02236738697300156,0.416,0.475,0.9747523614226596,0.09200618060575824,0.8904109589041095,1.1309523809523807,0.6720569969899862,0.37257274150236974,0.02806467620653908,0.9674976465135723,2341.0,123.41596331107253,2195.0,2512.0,16965.2,597.1111286854399,16172.0,17587.0
higher_death_rate,5,5,5.0,0.5,0.05,10.0,1.5,2.5,1.2,2.0,0.8,0.2,20.37856457523081,1.3655394970791586,18.755832022611862,21.913367552028053,49.24727699129334,3.2877137614260734,45.63424574638011,53.31674962723109,443.8,19.601020381602584,427.0,472.0,0.4438,0.019601020381602583,0.427,0.472,0.9996691949447845,0.0807517509753637,0.9315008726003488,1.1174242424242422,0.5462959204019615,0.3809870144580131,0.04273593670706721,0.8733495341640354,3321.4,336.0331828852621,2971.0,3776.0,14187.0,780.2906509756476,13469.0,15152.0
larger_ERK_radius,5,5,5.0,0.5,0.05,10.0,1.0,2.5,1.2,1.0,0.8,0.0,55.499849436465,5.8729102454843165,50.31596132054895,65.1036094426575,18.167834729421365,1.7733536282041726,15.360131466762812,19.874409109055456,416.8,9.884331034521255,402.0,427.0,0.4168,0.009884331034521243,0.402,0.427,0.8938353239615259,0.036014200680588734,0.8403010033444813,0.9315008726003488,0.9434016587506285,0.04889302801038726,0.8733495341640354,0.9969482481550765,6868.4,364.27297456715064,6487.0,7393.0,38814.0,1844.5466922797048,36400.0,41328.0
shorter_ERK_duration,5,5,5.0,0.5,0.05,10.0,1.0,2.5,1.2,2.0,2.0,0.0,16.680983047978714,0.4738728482360023,16.087654279746218,17.354284885043366,59.98700117847287,1.6944338478979701,57.62265668819583,62.15946604838247,441.0,14.983324063771697,428.0,465.0,0.441,0.01498332406377171,0.428,0.465,0.9874493319377857,0.06126003677629751,0.9353146853146851,1.086448598130841,0.596210095412699,0.31139155403097535,0.1010382018520014,0.8596051460596722,1225.8,53.78382656524171,1165.0,1313.0,11855.8,445.3803992094847,11343.0,12279.0
stronger_T_zone_activation,5,5,5.0,1.0,0.05,20.0,1.0,2.5,1.2,2.0,0.8,0.0,24.842150887534082,1.8831051896328725,22.77451475348316,27.15779558948178,40.43720114497286,3.0207838468532806,36.821839854605145,43.908729157316465,421.4,30.826936273330826,369.0,445.0,0.42139999999999994,0.030826936273330833,0.369,0.445,0.9150510581725829,0.10947851060498427,0.7309825673534072,1.0022522522522521,0.7675217163097319,0.22161938177343987,0.4981192863528163,0.9999994398586277,2415.6,274.1674670707668,2138.0,2743.0,17613.6,1353.2190510039386,16335.0,19457.0
strong_visible_T_zone,5,5,5.0,2.0,0.005,400.0,1.0,5.0,3.0,2.0,0.8,1.0,165.492166639477,4.4288513159311576,158.21398718983514,169.8266996237994,6.046126413883605,0.1655853813669013,5.888355613193937,6.320553686572205,905.0,13.874436925511608,889.0,925.0,0.905,0.013874436925511621,0.889,0.925,12.152727593904064,2.1096498368339303,10.011261261261259,15.416666666666663,8.31896950425763e-193,0.0,3.0473445551393793e-231,4.15948474934821e-192,23558.0,547.2234461351231,22726.0,24169.0,28750.8,547.1153443287805,27944.0,29256.0
T0p5_c0p005_ratio_1e2,5,5,5.0,0.5,0.005,100.0,1.0,2.5,1.2,2.0,0.8,0.0,24.403607271859094,0.8232269006142504,23.051978084027084,25.267964570570747,41.01595484772638,1.4236837148368933,39.57580347269785,43.3802251743814,442.0,22.327113561766108,408.0,470.0,0.442,0.02232711356176611,0.408,0.47,0.9929775242116955,0.08861235498680001,0.8614864864864864,1.1084905660377358,0.5231987078823859,0.340468862977117,0.055588829891658885,0.9907986355091236,2407.4,185.0224310725594,2193.0,2663.0,17264.8,813.9574313193535,15998.0,17989.0
T0p5_c0p0005_ratio_1e3,5,5,5.0,0.5,0.0005,1000.0,1.0,2.5,1.2,2.0,0.8,0.0,25.904787627948174,1.3904771054803766,24.418346379826467,27.620980886010862,38.69088814363376,2.049674132420317,36.20436233336188,40.952814103176244,423.8,13.971399357258385,406.0,440.0,0.42379999999999995,0.01397139935725838,0.406,0.44,0.9204038744834054,0.052498883830737864,0.854377104377104,0.9821428571428569,0.8494167377959048,0.157247812897702,0.6230785069194156,0.9935334272356939,2579.2,213.43664165273967,2391.0,2917.0,18027.0,1073.4283860602904,17000.0,19639.0
T0p5_c0p00005_ratio_1e4,5,5,5.0,0.5,5e-05,10000.0,1.0,2.5,1.2,2.0,0.8,0.0,25.904787627948174,1.3904771054803766,24.418346379826467,27.620980886010862,38.69088814363376,2.049674132420317,36.20436233336188,40.952814103176244,423.8,13.971399357258385,406.0,440.0,0.42379999999999995,0.01397139935725838,0.406,0.44,0.9204038744834054,0.052498883830737864,0.854377104377104,0.9821428571428569,0.8494167377959048,0.157247812897702,0.6230785069194156,0.9935334272356939,2579.2,213.43664165273967,2391.0,2917.0,18027.0,1073.4283860602904,17000.0,19639.0
T0p5_c0p025_ratio_20,5,5,5.0,0.5,0.025,20.0,1.0,2.5,1.2,2.0,0.8,0.0,24.6628983525163,1.3081982513035169,23.171814757772033,26.47638948280096,40.637444643526344,2.139414601913027,37.769500280602806,43.155877537152804,434.4,20.983326714322494,417.0,468.0,0.43439999999999995,0.020983326714322514,0.417,0.468,0.9625514858942319,0.08456634296935707,0.8940823327615778,1.0996240601503757,0.6917774025209293,0.37310177519896026,0.07131921642921965,0.962565392557542,2406.4,111.5652275576938,2255.0,2498.0,17385.0,443.8823042203868,16812.0,17855.0
T0p5_c0p01_ratio_50,5,5,5.0,0.5,0.01,50.0,1.0,2.5,1.2,2.0,0.8,0.0,23.85131003632822,1.379926310853486,22.0867525738432,25.267964570570747,42.039595697679886,2.446992680005457,39.57580347269785,45.27600862357083,435.8,19.715476154534034,408.0,461.0,0.43579999999999997,0.01971547615453405,0.408,0.461,0.9676809697505698,0.0771112278109066,0.8614864864864864,1.0691094619666044,0.6378919363785134,0.32512405186651055,0.15345588278668074,0.9907986355091236,2330.8,150.31367203285268,2170.0,2511.0,16922.0,991.2941036846734,15824.0,17976.0
T1e-1_c1e-2_ratio_1e1,5,5,5.0,0.1,0.01,10.0,1.0,2.5,1.2,2.0,0.8,0.0,24.520755621789704,1.8232806345789183,23.137963198656177,27.37710613040326,40.95376367132915,2.893775263264481,36.526870124138654,43.219015926954135,427.0,23.010866998007703,408.0,463.0,0.42699999999999994,0.023010866998007723,0.408,0.463,0.9344007481199572,0.09029808637337465,0.8614864864864864,1.0777467411545623,0.7559443680595359,0.367742773636137,0.1253387935439079,0.9907986355091236,2587.8,333.8183637848583,2307.0,3097.0,16926.0,1255.9492426049708,15299.0,18670.0
T1e-1_c1e-3_ratio_1e2,5,5,5.0,0.1,0.001,100.0,1.0,2.5,1.2,2.0,0.8,0.0,23.699848771572732,0.7111252908294542,22.97148627789047,24.72424225013067,42.224441966878416,1.2533870679198955,40.44613338937475,43.5322289512663,428.4,17.67201177002777,408.0,444.0,0.4284,0.017672011770027786,0.408,0.444,0.9385039662605476,0.06712032273289166,0.8614864864864864,0.9982014388489207,0.7517895479977712,0.23232667594204823,0.5234937600411222,0.9907986355091236,2477.8,183.97472652513986,2271.0,2672.0,16642.6,574.1213286405583,15769.0,17249.0
T1e-1_c1e-4_ratio_1e3,5,5,5.0,0.1,0.0001,1000.0,1.0,2.5,1.2,2.0,0.8,0.0,23.699848771572732,0.7111252908294542,22.97148627789047,24.72424225013067,42.224441966878416,1.2533870679198955,40.44613338937475,43.5322289512663,428.4,17.67201177002777,408.0,444.0,0.4284,0.017672011770027786,0.408,0.444,0.9385039662605476,0.06712032273289166,0.8614864864864864,0.9982014388489207,0.7517895479977712,0.23232667594204823,0.5234937600411222,0.9907986355091236,2477.8,183.97472652513986,2271.0,2672.0,16642.6,574.1213286405583,15769.0,17249.0
T1e-2_c1e-3_ratio_1e1,5,5,5.0,0.01,0.001,10.0,1.0,2.5,1.2,2.0,0.8,0.0,26.497109500447255,1.5292494975277795,24.22613080624208,28.304450769280468,37.84338439960684,2.2427695256880273,35.33013264067025,41.27774294615553,430.6,23.797058641773358,407.0,463.0,0.4306,0.023797058641773377,0.407,0.463,0.9484119202418786,0.09330331437569633,0.8579258010118042,1.0777467411545623,0.6912377004000125,0.3880365491500768,0.1253387935439079,0.9922717402795456,3625.4,854.4587760682197,2594.0,4424.0,18079.8,812.0656993125618,17258.0,18998.0
T1e-2_c1e-4_ratio_1e2,5,5,5.0,0.01,0.0001,100.0,1.0,2.5,1.2,2.0,0.8,0.0,25.89320956479164,1.197266259953466,24.22613080624208,27.242651459186057,38.68720113279394,1.81337773757458,36.70714656751247,41.27774294615553,423.8,15.706686474237653,407.0,447.0,0.42379999999999995,0.015706686474237667,0.407,0.447,0.920690943289425,0.059871130900516545,0.8579258010118042,1.0103978300180831,0.8351468458998756,0.22478101333605147,0.44750688322923493,0.9922717402795456,3553.0,782.2617848265375,2594.0,4405.0,17843.4,715.8483079535775,17258.0,18998.0
T1e-3_c1e-4_ratio_1e1,5,5,5.0,0.001,0.0001,10.0,1.0,2.5,1.2,2.0,0.8,0.0,24.964445303767494,2.1325492646514164,21.5494475028689,27.37763051976485,40.30774639293678,3.6802273944245023,36.526170490834325,46.40490202205272,422.6,8.23407554009556,412.0,434.0,0.4226,0.008234075540095568,0.412,0.434,0.9152298321796565,0.030926693419526294,0.8758503401360542,0.9584805653710246,0.900563851194016,0.08748221690449043,0.7567427050167727,0.9821885897732158,9666.4,4414.390875307713,4987.0,15358.0,17407.6,897.1286418346034,16009.0,18479.0
T0p5_c0p005_ratio_1e2_local_activation,5,5,5.0,0.5,0.005,100.0,1.0,5.0,3.0,2.0,0.8,1.0,488.14422861858947,11.226980991785249,471.5022881834876,500.9629978166836,2.0494502045634855,0.047583119126710004,1.9961554133902881,2.1208804815192,905.0,4.301162633521313,900.0,911.0,0.905,0.004301162633521317,0.9,0.911,11.92976016258738,0.604070048651363,11.249999999999996,12.794943820224718,4.553875787464007e-204,0.0,3.212407236322101e-215,2.259350268660129e-203,72454.4,1924.3719235116687,70041.0,75175.0,24744.2,398.6322867004127,24176.0,25065.0
T0p5_c0p0005_ratio_1e3_local_activation,5,5,5.0,0.5,0.0005,1000.0,1.0,5.0,3.0,2.0,0.8,1.0,494.2716924495254,19.16557592491312,477.1945291780073,516.5483147043014,2.025583535830955,0.07752485721885016,1.9359273305778781,2.095581442902442,909.6,16.349311912126453,885.0,928.0,0.9096,0.01634931191212647,0.885,0.928,12.927630776362658,2.4490018090991366,9.619565217391303,16.11111111111111,7.628575322455455e-189,0.0,7.911801379621607e-235,3.814287661227728e-188,73057.2,3763.072906548583,69764.0,77745.0,24799.4,820.5624900030466,24057.0,25691.0
T1e-1_c1e-4_ratio_1e3_local_activation,5,5,5.0,0.1,0.0001,1000.0,1.0,5.0,3.0,2.0,0.8,1.0,2338.413717123899,158.33828665479857,2168.8576609283527,2538.2598621843126,0.42920913273952815,0.028984831001361323,0.3939706942138875,0.46107221235162216,932.2,12.617448236470002,916.0,946.0,0.9321999999999999,0.012617448236469956,0.916,0.946,17.69156703120214,3.41238544978909,13.630952380952376,21.89814814814814,1.6354794251305057e-221,0.0,1.1876764826868842e-257,8.177396093904473e-221,345463.6,16773.700584546037,321720.0,364030.0,23866.2,976.4766766287867,22526.0,24915.0
T0p5_c0p005_ratio_1e2_betaR2p5_betaT1p2,5,5,5.0,0.5,0.005,100.0,1.0,2.5,1.2,2.0,0.8,0.0,24.403607271859094,0.8232269006142504,23.051978084027084,25.267964570570747,41.01595484772638,1.4236837148368933,39.57580347269785,43.3802251743814,442.0,22.327113561766108,408.0,470.0,0.442,0.02232711356176611,0.408,0.47,0.9929775242116955,0.08861235498680001,0.8614864864864864,1.1084905660377358,0.5231987078823859,0.340468862977117,0.055588829891658885,0.9907986355091236,2407.4,185.0224310725594,2193.0,2663.0,17264.8,813.9574313193535,15998.0,17989.0
T0p5_c0p005_ratio_1e2_betaR2p5_betaT2p0,5,5,5.0,0.5,0.005,100.0,1.0,2.5,2.0,2.0,0.8,1.0,30.895224322323156,1.5682875879219,29.09103705828329,32.91759455286439,32.43364756515873,1.630663317539,30.378890486485535,34.374848789217125,487.0,21.236760581595302,474.0,524.0,0.487,0.02123676058159532,0.474,0.524,1.1901662909251707,0.10627685857359481,1.1264258555133078,1.376050420168067,0.01785068985891159,0.014592907176593273,2.6828601851261146e-07,0.032401106895754914,3327.8,180.89831397777039,3067.0,3524.0,16121.2,930.7186470679525,15447.0,17716.0
T0p5_c0p005_ratio_1e2_betaR2p5_betaT3p0,5,5,5.0,0.5,0.005,100.0,1.0,2.5,3.0,2.0,0.8,1.0,60.508613834633444,4.5426814351013665,53.38879577103334,64.87969720136468,16.60563173792699,1.3183702388967855,15.413142217608346,18.730521742589307,633.0,20.54263858417414,598.0,651.0,0.633,0.020542638584174155,0.598,0.651,2.1640964901247868,0.1810522116496217,1.8594527363184075,2.3316618911174776,2.834320697779705e-23,6.33773375023165e-23,1.6446747192495102e-39,1.4171603488829819e-22,7829.0,651.9620387721973,7093.0,8448.0,14591.6,620.6716523251243,13939.0,15526.0
T0p5_c0p005_ratio_1e2_betaR2p5_betaT5p0,5,5,5.0,0.5,0.005,100.0,1.0,2.5,5.0,2.0,0.8,1.0,150.59928061578043,8.990004962615574,140.05528051415004,164.4260376830362,6.658636890729513,0.3879569981912457,6.08176183098019,7.140037821701183,769.6,17.924843095547587,745.0,794.0,0.7696000000000001,0.017924843095547604,0.745,0.794,4.201864660858118,0.42729209458452694,3.651960784313725,4.817961165048543,1.0144296337172879e-83,2.2683336192936073e-83,1.8256086467511485e-113,5.072148168428196e-83,21695.4,1005.31751203289,20934.0,23412.0,14933.2,578.9302203202041,14250.0,15731.0
T0p5_c0p005_ratio_1e2_betaR3p5_betaT1p2,5,5,5.0,0.5,0.005,100.0,1.0,3.5,1.2,2.0,0.8,1.0,33.96282675996228,1.2024047181417719,32.21600492286841,35.49135958440468,29.473785831934567,1.053795409335889,28.175871865991063,31.04047203848525,506.4,18.283872675120005,479.0,526.0,0.5064000000000001,0.018283872675120022,0.479,0.526,1.2851563095235896,0.09255277299078925,1.1492322456813817,1.3871308016877637,0.0030904987692918855,0.00679586876852511,1.3786449861765558e-07,0.015246967701662732,4333.4,196.88651553623473,4042.0,4510.0,15327.8,559.924727083918,14656.0,16213.0
T0p5_c0p005_ratio_1e2_betaR3p5_betaT2p0,5,5,5.0,0.5,0.005,100.0,1.0,3.5,2.0,2.0,0.8,1.0,107.78131783242407,8.894925268899746,99.29124237217212,119.17203241265943,9.327505651295079,0.7495670811356947,8.391230557663727,10.071381685926665,773.0,21.817424229271428,742.0,791.0,0.773,0.021817424229271448,0.742,0.791,4.2956919301898004,0.5087374270884649,3.594961240310077,4.730861244019138,4.835753565276827e-82,1.0813073685662802e-81,1.98548022812542e-111,2.41787678107618e-81,14751.8,1308.467882678058,13339.0,16700.0,15025.4,639.1774401525761,14094.0,15848.0
T0p5_c0p005_ratio_1e2_betaR3p5_betaT3p0,5,5,5.0,0.5,0.005,100.0,1.0,3.5,3.0,2.0,0.8,1.0,194.83749667800544,6.388701850297293,188.6264217897679,203.03849557454618,5.136851667753573,0.16658307236014544,4.9251743969549215,5.301484227456439,832.2,13.179529581893277,817.0,847.0,0.8321999999999999,0.01317952958189329,0.817,0.847,6.2364555720987855,0.5911283026006204,5.580601092896173,6.919934640522873,1.3741105045067659e-130,3.0719500131182195e-130,1.206867683838688e-153,6.869381671917526e-130,29222.0,1568.8231257856955,27754.0,31000.0,16283.6,409.2808326809356,15900.0,16757.0
T0p5_c0p005_ratio_1e2_betaR3p5_betaT5p0,5,5,5.0,0.5,0.005,100.0,1.0,3.5,5.0,2.0,0.8,1.0,401.496090004012,15.843850075499311,381.1552802206959,418.66659724522094,2.4937961824943065,0.09860761806984629,2.3885354279034616,2.6236026414772,865.6,14.638989036132243,852.0,888.0,0.8655999999999999,0.014638989036132255,0.852,0.888,8.146462827827538,1.1037770536295566,7.195945945945945,9.910714285714285,1.4165925142967625e-158,3.0940517878810093e-158,4.13162644102425e-191,6.9504487443101295e-158,57773.2,2940.671555954524,53463.0,61725.0,21584.8,694.6097465483766,20595.0,22530.0
T0p5_c0p005_ratio_1e2_betaR5p0_betaT1p2,5,5,5.0,0.5,0.005,100.0,1.0,5.0,1.2,2.0,0.8,1.0,150.52136429170693,7.282259417785376,143.64212783896636,161.45111301244577,6.6557052480173455,0.3135442563068005,6.193825371293124,6.961745937940123,868.0,17.564168070250297,842.0,885.0,0.868,0.01756416807025031,0.842,0.885,8.348534374125844,1.2153774857439208,6.661392405063289,9.619565217391303,3.4580597699895446e-150,7.732456715953906e-150,3.814287661227728e-188,1.7290298849947715e-149,21696.0,621.2616196096457,21070.0,22667.0,15610.2,350.2880243456804,15207.0,16041.0
T0p5_c0p005_ratio_1e2_betaR5p0_betaT2p0,5,5,5.0,0.5,0.005,100.0,1.0,5.0,2.0,2.0,0.8,1.0,311.8125752576753,7.434271849113816,299.9263944578511,316.7670150615543,3.2085432489108663,0.07804641688091116,3.1568943496395283,3.334151373398152,899.6,10.57355191030904,883.0,907.0,0.8996000000000001,0.010573551910309053,0.883,0.907,11.303623071811126,1.2293995114365768,9.433760683760681,12.190860215053762,6.886611930853149e-187,0.0,7.690399260947758e-211,3.443305965423081e-186,44733.0,772.1097719884136,43929.0,45736.0,19313.0,269.5746649817078,19048.0,19649.0
T0p5_c0p005_ratio_1e2_betaR5p0_betaT3p0,5,5,5.0,0.5,0.005,100.0,1.0,5.0,3.0,2.0,0.8,1.0,488.14422861858947,11.226980991785249,471.5022881834876,500.9629978166836,2.0494502045634855,0.047583119126710004,1.9961554133902881,2.1208804815192,905.0,4.301162633521313,900.0,911.0,0.905,0.004301162633521317,0.9,0.911,11.92976016258738,0.604070048651363,11.249999999999996,12.794943820224718,4.553875787464007e-204,0.0,3.212407236322101e-215,2.259350268660129e-203,72454.4,1924.3719235116687,70041.0,75175.0,24744.2,398.6322867004127,24176.0,25065.0
T0p5_c0p005_ratio_1e2_betaR5p0_betaT5p0,5,5,5.0,0.5,0.005,100.0,1.0,5.0,5.0,2.0,0.8,1.0,862.3980379865545,22.993597913977478,827.2294020942251,888.3563309318031,1.1602263158811543,0.03137036945743174,1.1256744227297768,1.2088545178258734,913.2,6.870225614927067,907.0,923.0,0.9132,0.0068702256149270734,0.907,0.923,13.226054616454926,1.1882545960889086,12.190860215053762,14.98376623376623,3.076164715035289e-211,0.0,6.968189947356058e-229,7.690399260947758e-211,127724.2,1674.9073705730714,125821.0,129725.0,36722.6,466.80595540331313,36053.0,37308.0
T0p5_c0p005_ratio_1e2_betaR7p5_betaT1p2,5,5,5.0,0.5,0.005,100.0,1.0,7.5,1.2,2.0,0.8,1.0,431.65306094620763,20.764330407596113,409.5824158067494,456.64911877221897,2.320971721957658,0.11168159668202807,2.1898651697580735,2.441511064458938,932.4,17.812916661793484,912.0,953.0,0.9324,0.017812916661793445,0.912,0.953,18.3755986592866,5.435002058069042,12.954545454545451,25.34574468085106,5.010644274114543e-217,0.0,3.1630698174071197e-267,2.5053221062113312e-216,63807.6,1159.8126141752382,62050.0,65219.0,23053.0,268.9851297005097,22677.0,23382.0
T0p5_c0p005_ratio_1e2_betaR7p5_betaT2p0,5,5,5.0,0.5,0.005,100.0,1.0,7.5,2.0,2.0,0.8,1.0,779.2339377406012,30.887804158180767,736.7901892721317,815.1211175342861,1.284939800197256,0.051367855137838606,1.2268115479880661,1.357238484659915,931.6,5.504543577809154,926.0,938.0,0.9316000000000001,0.005504543577809126,0.926,0.938,17.122239393934073,1.5132949930490929,15.64189189189189,18.91129032258064,3.9619160100395722e-233,0.0,3.2578234916682977e-247,1.972556138572983e-232,115111.2,2164.9174811063817,111563.0,117465.0,34027.6,607.3432308011674,32955.0,34450.0
T0p5_c0p005_ratio_1e2_betaR7p5_betaT3p0,5,5,5.0,0.5,0.005,100.0,1.0,7.5,3.0,2.0,0.8,1.0,1164.819961361648,52.39380685726647,1088.1194979034865,1215.980968835572,0.8599282201500633,0.03965633767078255,0.8223812918368318,0.9190167090349276,947.6,7.3006848993775915,941.0,956.0,0.9475999999999999,0.007300684899377598,0.941,0.956,22.999292414838877,3.5400821614274856,19.936440677966097,27.159090909090907,9.544162388989455e-252,0.0,1.8040580461449158e-271,4.544071236599038e-251,173428.8,4059.9197282704986,167029.0,176328.0,46670.4,1095.9650085655107,45038.0,47653.0
T0p5_c0p005_ratio_1e2_betaR7p5_betaT5p0,5,5,5.0,0.5,0.005,100.0,1.0,7.5,5.0,2.0,0.8,1.0,2022.5512202352147,50.293870370068376,1951.7293030161036,2062.5389088335696,0.4946729640264991,0.01246264987264923,0.4848393384081813,0.5123661352292301,945.0,9.40744386111339,936.0,961.0,0.945,0.009407443861113371,0.936,0.961,22.14878106240402,4.9383918325478735,18.281249999999996,30.801282051282048,2.2234836662844307e-245,0.0,9.455174097393969e-279,1.111741808158777e-244,295124.8,3505.172420866055,291857.0,299219.0,74109.6,869.1707542249682,73188.0,75267.0
T1e-1_c1e-4_ratio_1e3_betaR2p5_betaT1p2,5,5,5.0,0.1,0.0001,1000.0,1.0,2.5,1.2,2.0,0.8,0.0,23.699848771572732,0.7111252908294542,22.97148627789047,24.72424225013067,42.224441966878416,1.2533870679198955,40.44613338937475,43.5322289512663,428.4,17.67201177002777,408.0,444.0,0.4284,0.017672011770027786,0.408,0.444,0.9385039662605476,0.06712032273289166,0.8614864864864864,0.9982014388489207,0.7517895479977712,0.23232667594204823,0.5234937600411222,0.9907986355091236,2477.8,183.97472652513986,2271.0,2672.0,16642.6,574.1213286405583,15769.0,17249.0
T1e-1_c1e-4_ratio_1e3_betaR2p5_betaT2p0,5,5,5.0,0.1,0.0001,1000.0,1.0,2.5,2.0,2.0,0.8,0.2,33.39623516138529,3.518545494867273,30.81924033432205,39.21299641691311,30.18844555701616,2.9114060692327675,25.501749199882266,32.4472631107115,457.2,10.134100848126586,446.0,472.0,0.4572,0.010134100848126576,0.446,0.472,1.0535214037842273,0.04335045487051529,1.0063176895306856,1.1174242424242422,0.2529832100415327,0.1694972112015094,0.04273593670706721,0.47275621692234754,3928.4,470.71254497835514,3462.0,4609.0,15847.8,907.547354136411,14390.0,16599.0
T1e-1_c1e-4_ratio_1e3_betaR2p5_betaT3p0,5,5,5.0,0.1,0.0001,1000.0,1.0,2.5,3.0,2.0,0.8,1.0,146.11764971551636,26.99210013294716,101.87558677467995,169.24143809593406,7.077293421536623,1.5936357160096346,5.90871840401848,9.815894383133399,650.4,39.067889628184425,587.0,694.0,0.6504,0.03906788962818443,0.587,0.694,2.3592468083791927,0.3793948235499416,1.7766343825665853,2.834967320261437,2.1305578408157756e-20,4.76407216205925e-20,3.655392788754124e-57,1.0652789204078878e-19,21461.8,4590.54579543653,14017.0,24543.0,12791.4,224.5858410496975,12518.0,13010.0
T1e-1_c1e-4_ratio_1e3_betaR2p5_betaT5p0,5,5,5.0,0.1,0.0001,1000.0,1.0,2.5,5.0,2.0,0.8,1.0,576.3081078999982,52.48743567589817,507.1655908368211,637.8084008250175,1.747028794695415,0.16290439310495766,1.567868969280556,1.9717425986057222,781.6,13.63084736911099,764.0,801.0,0.7816000000000001,0.013630847369111002,0.764,0.801,4.491610313762143,0.3644814351765721,4.046610169491525,5.031407035175878,7.839541724375112e-95,1.752974802489481e-94,2.6096105722575224e-118,3.9197708294061085e-94,85270.4,6207.1304400664885,76893.0,93330.0,13176.6,273.5750354107626,12829.0,13588.0
T1e-1_c1e-4_ratio_1e3_betaR3p5_betaT1p2,5,5,5.0,0.1,0.0001,1000.0,1.0,3.5,1.2,2.0,0.8,1.0,45.09171680850752,6.003752270422434,37.95588484682016,52.407999810456396,22.497808546812536,3.022366221527064,19.081056396288584,26.3463756420311,508.2,30.96288100290411,473.0,544.0,0.5082,0.030962881002904136,0.473,0.544,1.2997599620944533,0.16044903062380464,1.1219165085388991,1.4912280701754383,0.009658046765592647,0.016156605383289172,1.706468427631253e-10,0.037276505725661956,6305.0,744.8023227675918,5383.0,7259.0,15043.8,627.5481654821405,14303.0,16045.0
T1e-1_c1e-4_ratio_1e3_betaR3p5_betaT2p0,5,5,5.0,0.1,0.0001,1000.0,1.0,3.5,2.0,2.0,0.8,1.0,369.1879975240178,35.107307728237096,316.51127405493526,399.9098428045074,2.7296759574279155,0.2768777428627207,2.50056360950546,3.159445119248533,808.6,16.531787562148264,799.0,838.0,0.8086,0.01653178756214823,0.799,0.838,5.32506203706042,0.6403238630421203,4.968905472636815,6.466049382716047,1.569753826476882e-117,2.8240546586288138e-117,3.1918959627814397e-146,6.519929828718951e-117,51953.2,5693.935519480354,43544.0,57897.0,13159.2,394.3509857981846,12568.0,13584.0
T1e-1_c1e-4_ratio_1e3_betaR3p5_betaT3p0,5,5,5.0,0.1,0.0001,1000.0,1.0,3.5,3.0,2.0,0.8,1.0,772.3500007124645,65.55982279598618,659.2884582361349,822.4649615774804,1.3030661037713267,0.12258244125770501,1.2158572665296392,1.5167867532148327,859.4,8.384509526501834,852.0,871.0,0.8593999999999999,0.00838450952650184,0.852,0.871,7.6664664746060085,0.5452563553172628,7.195945945945945,8.439922480620153,2.7802452003860083e-158,3.80685758174962e-158,8.451657987716941e-175,6.9504487443101295e-158,116347.8,4964.087549590559,108183.0,121093.0,14560.8,409.4773498009383,14080.0,15141.0
T1e-1_c1e-4_ratio_1e3_betaR3p5_betaT5p0,5,5,5.0,0.1,0.0001,1000.0,1.0,3.5,5.0,2.0,0.8,1.0,1746.9736364030184,106.00838696838129,1659.189745627965,1895.8883307835836,0.5740606362886667,0.033838725657795186,0.5274572261261259,0.6027038213290807,885.8,15.352524222420234,866.0,905.0,0.8857999999999999,0.015352524222420246,0.866,0.905,9.85753011168713,1.5124618159206982,8.07835820895522,11.907894736842103,6.419258109678514e-171,0.0,1.1080862577756982e-208,3.2096290546378107e-170,261362.8,10281.501748285607,249671.0,274418.0,20172.2,561.2127047742238,19585.0,20900.0
T1e-1_c1e-4_ratio_1e3_betaR5p0_betaT1p2,5,5,5.0,0.1,0.0001,1000.0,1.0,5.0,1.2,2.0,0.8,1.0,550.4480758372491,27.799158957623163,521.7888169341888,590.4034991290015,1.8203467946555143,0.09027295850979616,1.6937568992650953,1.9164841551713938,879.6,24.684002916869055,843.0,909.0,0.8795999999999999,0.024684002916869077,0.843,0.909,9.476972072513473,2.139742728903843,6.7117834394904445,12.486263736263734,5.178197435843779e-151,1.1578801467461796e-150,5.091376850639078e-213,2.5890987179218896e-150,80779.2,4544.504230386413,76247.0,86612.0,13867.0,217.26366470259126,13495.0,14065.0
T1e-1_c1e-4_ratio_1e3_betaR5p0_betaT2p0,5,5,5.0,0.1,0.0001,1000.0,1.0,5.0,2.0,2.0,0.8,1.0,1344.9224073756643,72.06860438093237,1259.6852183858691,1429.0784267848367,0.7452629325856778,0.0402716579259187,0.6997516590113363,0.7938491183387675,903.6,12.660963628413123,892.0,925.0,0.9036,0.012660963628413133,0.892,0.925,11.927373430494093,2.011652477560142,10.32407407407407,15.416666666666663,7.987279594674977e-196,0.0,3.0473445551393793e-231,3.993609482604817e-195,201470.2,8146.436810041554,187733.0,207552.0,18050.2,420.90640289736626,17324.0,18414.0
T1e-1_c1e-4_ratio_1e3_betaR5p0_betaT3p0,5,5,5.0,0.1,0.0001,1000.0,1.0,5.0,3.0,2.0,0.8,1.0,2338.413717123899,158.33828665479857,2168.8576609283527,2538.2598621843126,0.42920913273952815,0.028984831001361323,0.3939706942138875,0.46107221235162216,932.2,12.617448236470002,916.0,946.0,0.9321999999999999,0.012617448236469956,0.916,0.946,17.69156703120214,3.41238544978909,13.630952380952376,21.89814814814814,1.6354794251305057e-221,0.0,1.1876764826868842e-257,8.177396093904473e-221,345463.6,16773.700584546037,321720.0,364030.0,23866.2,976.4766766287867,22526.0,24915.0
T1e-1_c1e-4_ratio_1e3_betaR5p0_betaT5p0,5,5,5.0,0.1,0.0001,1000.0,1.0,5.0,5.0,2.0,0.8,1.0,4110.666500596927,127.83574761530477,3984.2657133959096,4293.796112793258,0.2434558065014029,0.007488177590087663,0.23289415094035906,0.25098727643535346,925.4,2.1908902300206647,922.0,928.0,0.9254,0.002190890230020666,0.922,0.928,15.517440517440514,0.485757891862975,14.775641025641022,16.11111111111111,2.0641846393871978e-228,0.0,7.911801379621607e-235,1.0317480549972999e-227,617764.2,9860.428778709373,605363.0,629901.0,35536.2,587.1926430056834,34799.0,36414.0
T1e-1_c1e-4_ratio_1e3_betaR7p5_betaT1p2,5,5,5.0,0.1,0.0001,1000.0,1.0,7.5,1.2,2.0,0.8,1.0,1959.3147662305873,95.79760810287243,1806.3135245750527,2056.3361800226885,0.511396380998512,0.025940490040478093,0.4863018069297242,0.5536137477768466,945.0,9.027735042633894,933.0,956.0,0.945,0.009027735042633865,0.933,0.956,21.97732349384801,3.8384223980745387,17.40671641791044,27.159090909090907,1.2385901385684934e-241,0.0,1.8040580461449158e-271,6.192950683925721e-241,295100.8,10745.28844191723,284693.0,306688.0,21860.2,639.4675128573773,21162.0,22691.0
T1e-1_c1e-4_ratio_1e3_betaR7p5_betaT2p0,5,5,5.0,0.1,0.0001,1000.0,1.0,7.5,2.0,2.0,0.8,1.0,3637.3079698344714,65.94829581305862,3537.179437416399,3697.928818421642,0.2750016931903173,0.005039401283156116,0.2704216465764266,0.28271113119735103,944.0,6.363961030678928,938.0,953.0,0.944,0.006363961030678933,0.938,0.953,21.314931911563654,2.6880326301290496,18.91129032258064,25.34574468085106,1.3031294074612143e-247,0.0,3.1630698174071197e-267,3.2578234916682977e-247,548214.0,11447.733487463796,536448.0,562540.0,32594.2,644.7303312238381,31692.0,33358.0
T1e-1_c1e-4_ratio_1e3_betaR7p5_betaT3p0,5,5,5.0,0.1,0.0001,1000.0,1.0,7.5,3.0,2.0,0.8,1.0,5908.5335133081335,202.06940952788884,5667.040836942533,6154.392335481288,0.16940459422071127,0.005771154280204567,0.1624855786711553,0.17645893664311715,948.6,7.569676347110224,937.0,955.0,0.9486000000000001,0.007569676347110189,0.937,0.955,23.462380011293046,3.3500439013928207,18.591269841269835,26.52777777777777,1.2137980407193684e-246,0.0,4.795129188467924e-270,6.068990203341252e-246,869902.6,20326.282377749256,854638.0,905311.0,46789.2,838.5569151822672,45833.0,48126.0
T1e-1_c1e-4_ratio_1e3_betaR7p5_betaT5p0,5,5,5.0,0.1,0.0001,1000.0,1.0,7.5,5.0,2.0,0.8,1.0,10169.598020497262,275.7545457000262,9717.441926314357,10411.631250399718,0.09839160398144488,0.0027341086098707783,0.09604642884001569,0.10290774131534029,949.8,14.131525041551601,929.0,963.0,0.9498,0.014131525041551574,0.929,0.963,25.143783900461894,6.722862058231161,16.355633802816897,32.533783783783775,9.801301342347547e-237,0.0,0.0,4.900650671173773e-236,1512190.2,33671.95297573338,1463055.0,1553595.0,75140.2,1668.0020083920763,72473.0,76730.0
